address,phonenumber,deposit,rent
"제주특별자치도 범종무시 
 재명찬마을 749 463-963",01091148955,7000.0,70.0
"경상남도 효재시 
 소봉협두거리 9946 31-7 876-377",01029161335,4000.0,50.0
대구광역시 원윤시 위황빈군 4455 809동 758호 (807-167),01012669912,7000.0,30.0
"인천광역시 억강군 
 양덕란로 972 039-267",01043838331,7000.0,40.0
"제주특별자치도 욱가군 
 통혁은구 1766 544-040",01036698939,9000.0,30.0
충청북도 두경마을 구휘건로 536 (046-856),01019455439,2000.0,70.0
부산광역시 진효경구 주정거리 3919 56-4 (541-538),01042676755,2000.0,60.0
"서울특별시 산균시 
 희훈예로 6 37-9 309-704",01056366385,5000.0,70.0
"대전광역시 구금시 
 정화민동 2 323-588",01048425733,2000.0,70.0
"전라북도 가성엽군 
 환휘인시 5 572-559",01087546665,1000.0,60.0
세종특별자치시 오주황마을 동별로 941 769-3 (916-532),01039693467,1000.0,50.0
"경상북도 봉석금시 
 승관세구 6 443-018",01048574195,8000.0,60.0
강원도 호강마을 상보윤로 5 (711-217),01011238884,7000.0,70.0
세종특별자치시 지철구 남리명로 9 (764-929),01092713913,2000.0,30.0
"제주특별자치도 백주완구 
 강빈억거리 705 018-429",01079972598,3000.0,50.0
서울특별시 단남현시 도상태거리 8418 (909-893),01086537978,7000.0,30.0
"경기도 만환광군 
 환련연시 217 230-588",01076832339,9000.0,40.0
제주특별자치도 려람시 현람미동 9989 (249-048),01079152616,4000.0,60.0
인천광역시 종용명시 한하동거리 5334 562동 233호 (123-124),01064444681,9000.0,40.0
"전라북도 송훈윤구 
 건예거리 3478 192-916",01095754931,4000.0,30.0
"전라북도 찬웅시 
 힘홍준로 8539 488 891-243",01052893772,4000.0,40.0
"광주광역시 병향군 
 신영양로 947 183-032",01071126116,5000.0,70.0
강원도 솔기시 정형거리 6659 (957-619),01057563244,3000.0,70.0
"경기도 낭정석마을 
 소지빈거리 6 394동 285호 053-180",01082895845,8000.0,70.0
전라북도 편유완마을 선혁로 4 78-0 (432-773),01098891968,9000.0,40.0
"경상북도 양관힘구 
 광민선마을 4 998-441",01018858134,2000.0,60.0
광주광역시 김엽석마을 기도동 4177 312 (238-126),01045973438,2000.0,50.0
대전광역시 근상시 병남거리 5 (023-158),01028533819,2000.0,50.0
경상남도 동려마을 예금동 5119 (911-582),01084231678,9000.0,50.0
전라북도 통온시 창세소시 393 629-9 (608-831),01028485214,3000.0,50.0
경기도 원미마을 무억수마을 4346 (483-532),01048714169,4000.0,70.0
전라북도 슬욱시 상한거리 9988 (888-025),01023653357,9000.0,60.0
강원도 려란시 비양승마을 5 (194-442),01098477158,8000.0,30.0
부산광역시 전승철시 성병규로 156 1-5 (415-895),01084764998,3000.0,40.0
"충청남도 용도종시 
 사공향종로 4074 119-325",01053519621,2000.0,60.0
"충청남도 익의군 
 윤규로 489 232-655",01075557866,8000.0,70.0
경기도 나려한마을 영가별시 6287 04-4 (452-058),01097145639,7000.0,60.0
전라북도 금규찬군 백기주동 3 711동 311호 (612-167),01019217424,5000.0,30.0
경기도 진람마을 완위소마을 8882 453 (528-553),01026995342,7000.0,50.0
경기도 건완구 온세동 6702 (110-741),01072327982,5000.0,60.0
세종특별자치시 안연희군 리별거리 2066 184동 054호 (312-674),01053418667,7000.0,50.0
"전라남도 향아시 
 예산거리 8 936-022",01037426346,1000.0,70.0
강원도 두대군 아권광동 2 (691-350),01015175317,4000.0,30.0
"충청북도 조수관구 
 뇌현힘동 958 340-344",01022582186,2000.0,60.0
"서울특별시 원지가구 
 남궁양람동 0234 455-298",01062961631,9000.0,30.0
강원도 가유덕시 흥인효로 3 938 (139-012),01019327461,9000.0,30.0
"울산광역시 한건마을 
 한선로 5272 082-655",01096279984,5000.0,50.0
"강원도 이철주군 
 묘지범로 167 419-8 720-786",01038661844,6000.0,30.0
세종특별자치시 육병완군 안연정마을 1657 (648-928),01049639831,8000.0,70.0
"제주특별자치도 태가군 
 운용완로 0706 512-0 344-681",01015744556,7000.0,50.0
"울산광역시 호빈수마을 
 효철거리 8639 567-223",01079247788,9000.0,70.0
대구광역시 현원구 주지호거리 0 11-4 (951-174),01095926856,7000.0,40.0
"경기도 예상강구 
 사공양지로 555 615-480",01037519169,7000.0,30.0
"충청남도 태미구 
 미열거리 3 715-748",01083489522,3000.0,70.0
대구광역시 단기려시 나미완동 7 (169-844),01091227742,6000.0,70.0
"대전광역시 욱강마을 
 두영별거리 0 160-512",01099443622,2000.0,70.0
광주광역시 근소군 하향해로 886 665 (134-000),01058223116,2000.0,30.0
전라남도 덕우군 은권로 0324 (662-585),01011227145,2000.0,60.0
"전라남도 명희근구 
 양강로 7 648-696",01063157498,1000.0,70.0
전라남도 웅권구 효별대시 4 (455-144),01097764185,6000.0,70.0
전라남도 관환시 익산동 4 (229-771),01088111397,7000.0,50.0
"전라북도 필두호시 
 금성덕동 9619 94-2 340-965",01071281615,5000.0,60.0
강원도 근황구 해다윤로 655 (713-836),01018781162,4000.0,60.0
"대전광역시 성은웅구 
 구억유군 3 4-6 360-162",01041521978,9000.0,40.0
광주광역시 김람열마을 정인거리 359 (237-267),01086879338,9000.0,50.0
"경상북도 강미구 
 화희로 8457 190 337-884",01079983754,5000.0,30.0
"경상남도 솔화군 
 강효동 1004 999-651",01081276246,7000.0,40.0
광주광역시 용승시 수무범동 4 (295-197),01094179454,6000.0,30.0
"강원도 재힘구 
 군휘휘거리 6 8-8 702-588",01048774828,7000.0,30.0
제주특별자치도 규련군 엽민위시 4154 (869-859),01057341868,3000.0,30.0
경기도 민련마을 찬온주시 6390 775 (019-710),01065342999,3000.0,30.0
"인천광역시 독고우송마을 
 협훈로 1 718-995",01095683937,3000.0,30.0
울산광역시 어우태마을 황보정용동 2 (504-202),01029116256,1000.0,70.0
"강원도 익화구 
 민재권로 5473 4-0 996-048",01099732522,5000.0,30.0
"광주광역시 선련의구 
 양창동 7 317-690",01083463539,9000.0,60.0
"부산광역시 아향구 
 길엽재로 304 379-5 158-875",01098779561,1000.0,40.0
서울특별시 매홍종구 소상권군 4 464동 411호 (115-062),01059496259,7000.0,30.0
"충청남도 문창란군 
 조희남동 656 07-9 555-915",01027335731,1000.0,30.0
"울산광역시 병건군 
 정지로 776 543-304",01058314628,1000.0,30.0
세종특별자치시 미권억시 순안동 1484 (062-576),01011975271,5000.0,70.0
"강원도 후규시 
 금빈로 221 513-799",01035961291,3000.0,50.0
"충청남도 함리보시 
 우건웅거리 0 720-7 614-475",01084987824,1000.0,60.0
경상남도 찬열시 소남경구 270 (242-873),01099125318,5000.0,60.0
경기도 솔솔마을 연윤상거리 8656 929동 037호 (496-898),01078735611,2000.0,50.0
"강원도 열비군 
 원준소구 1 07-5 183-838",01066931288,4000.0,70.0
"제주특별자치도 산산구 
 양란금로 4380 521-6 343-403",01086933191,1000.0,60.0
전라북도 선우관세구 장선대동 551 297 (009-830),01026685831,7000.0,70.0
"서울특별시 독고홍관시 
 지욱거리 1 520-871",01019233139,8000.0,50.0
대구광역시 승하시 보상은거리 8972 (969-973),01076521194,7000.0,40.0
"경상남도 남산마을 
 송순거리 4847 115동 922호 137-813",01097964267,1000.0,30.0
광주광역시 원위의군 홍솔세동 1 (865-753),01096166159,1000.0,60.0
"부산광역시 병협마을 
 무세동 331 200-9 693-351",01016214972,3000.0,70.0
대전광역시 두안건마을 가범인로 173 497 (651-073),01064195388,5000.0,60.0
"경기도 석도시 
 현석무로 4 775-713",01072365162,6000.0,60.0
"경상남도 후림창구 
 순욱윤거리 3 472-6 515-176",01037593642,7000.0,60.0
"대구광역시 전억송마을 
 유지연로 0 290-2 141-636",01034266843,2000.0,70.0
서울특별시 려수군 안수동 3528 (357-840),01085187795,6000.0,50.0
"충청남도 모병승마을 
 환아온로 868 013-859",01016575569,6000.0,30.0
충청남도 왕남화군 강민산마을 417 (168-164),01027855859,1000.0,60.0
"제주특별자치도 채덕정시 
 병위광구 610 936-593",01071878161,1000.0,50.0
"강원도 강유한구 
 완인로 1249 396 696-804",01036471412,4000.0,30.0
"전라남도 범관영구 
 완진거리 7158 825-070",01031881432,8000.0,70.0
대구광역시 유선마을 남홍로 8 (938-916),01096725698,1000.0,60.0
전라남도 힘아군 구의동 7198 363-5 (755-290),01057155847,2000.0,30.0
세종특별자치시 억승구 임려예동 1780 562동 856호 (297-358),01069368225,9000.0,40.0
"광주광역시 구향시 
 위유억마을 8 260-305",01019417146,6000.0,50.0
전라북도 덕훈시 대인거리 730 2-3 (007-708),01086839369,2000.0,70.0
"광주광역시 슬협군 
 후남아구 6701 540-786",01055737958,6000.0,60.0
인천광역시 선원구 유의범군 807 (895-676),01028117641,3000.0,30.0
"세종특별자치시 야연형군 
 익범빈로 768 109-023",01015727419,8000.0,60.0
"경기도 창정후마을 
 매균금동 2 615 573-419",01051818694,4000.0,60.0
인천광역시 최강후시 궉강수거리 6569 (750-434),01041223195,4000.0,30.0
세종특별자치시 호원군 독고우철동 382 (577-843),01067121514,4000.0,70.0
"인천광역시 휘향군 
 용위로 2285 8-2 663-270",01045426869,2000.0,30.0
강원도 슬혜구 재리해거리 5 95-8 (495-261),01013829437,2000.0,30.0
인천광역시 성승구 순빈비마을 808 80-2 (821-755),01088341172,4000.0,60.0
광주광역시 안강시 란수완군 5771 511동 847호 (641-307),01084983992,5000.0,30.0
제주특별자치도 근수강시 보인두로 1 464-3 (661-276),01035925995,1000.0,70.0
"광주광역시 변힘림군 
 수용동 6 9-3 476-706",01081413733,9000.0,60.0
"울산광역시 승한후구 
 지건로 283 775-041",01032252812,8000.0,70.0
충청북도 육종세마을 하종로 4 (270-102),01047171852,8000.0,70.0
"부산광역시 곽혜명군 
 슬송예시 7 520동 859호 202-004",01062872348,5000.0,60.0
제주특별자치도 순경현마을 선혁효동 4269 (005-284),01084281157,7000.0,40.0
강원도 증빈인군 통종동 6627 (380-240),01034686239,6000.0,60.0
"세종특별자치시 림종구 
 견미욱거리 8 7-5 386-544",01023227475,9000.0,30.0
경상북도 환별규군 혁형로 384 (922-440),01087989165,3000.0,60.0
울산광역시 엽억군 백기연동 1583 (608-990),01097496878,7000.0,30.0
"경기도 통윤구 
 낭향리로 8783 451-733",01036113237,6000.0,50.0
울산광역시 용온은구 해화건구 2473 637-3 (825-688),01047244295,1000.0,30.0
"경상북도 주재시 
 부의혜거리 936 1-0 711-843",01075647949,2000.0,40.0
서울특별시 윤현구 소련건로 9091 9-2 (367-064),01092429642,6000.0,50.0
경상북도 범인마을 혜무예구 6823 (030-304),01063744725,5000.0,70.0
경기도 해익황마을 호온안거리 0750 482 (626-518),01073918598,9000.0,40.0
경기도 임환도시 열향통로 430 699 (871-533),01054441552,3000.0,30.0
"경상북도 채익찬구 
 호힘로 0 865-138",01039888612,1000.0,60.0
"경기도 비대시 
 주화온동 0517 186동 027호 511-270",01066291934,1000.0,50.0
광주광역시 정희현군 명균효로 9 (947-171),01017815972,1000.0,60.0
전라남도 의솔마을 마유슬거리 0525 4-6 (982-203),01017697396,6000.0,50.0
충청남도 원금구 장곡호홍동 304 99-3 (609-509),01074271147,1000.0,40.0
"경상남도 균려마을 
 희의솔거리 996 14-0 298-248",01027729352,7000.0,70.0
"경기도 방태연군 
 설완무동 7 733-742",01068137871,3000.0,50.0
"경기도 석안마을 
 용하해동 6527 754-400",01078481696,2000.0,50.0
대구광역시 성휘용시 별범근로 8798 (426-640),01053517639,5000.0,40.0
"부산광역시 우산마을 
 화하동 1963 668-4 015-540",01016272446,5000.0,40.0
전라남도 형명시 매환미거리 1531 (199-026),01062287565,3000.0,50.0
"서울특별시 후기마을 
 연한거리 285 775-4 165-573",01024469328,9000.0,50.0
광주광역시 제혜진군 창욱호시 746 575 (873-423),01054467685,9000.0,60.0
전라남도 정빈구 망절하찬동 591 915 (079-995),01041174722,3000.0,40.0
충청남도 지통온시 해산동 7248 046-0 (183-816),01037543936,1000.0,30.0
서울특별시 사공철다군 아건인거리 984 049 (789-598),01083518842,6000.0,50.0
충청북도 순원마을 민건거리 1541 (375-384),01071188824,5000.0,30.0
"제주특별자치도 석규마을 
 인웅로 0 8-3 437-785",01021452789,4000.0,50.0
"울산광역시 기덕화구 
 병현혁시 5 626-314",01023588157,8000.0,40.0
"세종특별자치시 운권미마을 
 길억현거리 594 465동 651호 443-159",01037371883,5000.0,30.0
광주광역시 수우두군 림희권로 7395 (012-988),01057738829,8000.0,50.0
경상북도 혜균군 철림억동 1 927-5 (873-599),01062288482,8000.0,50.0
경상북도 솔승시 향예인군 031 264-0 (072-227),01093429162,9000.0,50.0
경상북도 힘윤구 광성아거리 062 (011-051),01013839787,3000.0,70.0
세종특별자치시 민우군 신수황동 271 484 (606-231),01017386761,5000.0,50.0
경상북도 자균의구 강선재로 0270 (603-032),01062621275,9000.0,30.0
"대구광역시 권권구 
 종혁거리 781 03-3 561-536",01025695555,8000.0,70.0
"부산광역시 무태군 
 사종향동 6961 871-590",01065963656,5000.0,70.0
"세종특별자치시 예창군 
 정소거리 521 507-805",01079419473,7000.0,60.0
"충청북도 제미용구 
 해위동 1150 929동 243호 235-182",01029239218,3000.0,60.0
광주광역시 계민위군 신별명거리 3 7-8 (724-638),01093424566,6000.0,40.0
"제주특별자치도 흥윤의구 
 옥황혜로 1 953-2 859-845",01074414711,2000.0,70.0
울산광역시 삼덕향구 욱완림동 7 (454-827),01011649893,5000.0,60.0
경기도 고선리마을 원다한동 618 (852-853),01052144744,4000.0,30.0
제주특별자치도 임솔의마을 환혁거리 1 25-0 (665-848),01066582162,8000.0,60.0
"세종특별자치시 백홍별구 
 교현리로 849 043-310",01083313364,4000.0,30.0
"광주광역시 환가수시 
 윤효동 199 939-264",01037117899,7000.0,40.0
대전광역시 강의마을 견아온거리 5 0-7 (421-081),01047412452,6000.0,60.0
울산광역시 남아휘마을 혁웅윤시 460 420-0 (876-248),01075481632,5000.0,50.0
"충청북도 란우시 
 혜휘로 5573 560-380",01063265136,3000.0,70.0
"울산광역시 종훈미시 
 윤원기군 0552 918동 217호 787-816",01045679118,8000.0,60.0
전라북도 희균군 홍향환거리 9 28-3 (190-155),01058294981,7000.0,60.0
인천광역시 흥협태시 화유가구 0564 (357-891),01055242728,1000.0,50.0
제주특별자치도 솔아시 욱위동 2 790동 791호 (949-839),01048562869,7000.0,30.0
"세종특별자치시 리통군 
 환권희동 5 894 349-964",01066521683,2000.0,60.0
강원도 전근명시 승하거리 233 (315-457),01059476372,8000.0,70.0
"광주광역시 완두시 
 권덕엽구 6 363-0 564-310",01064574332,8000.0,30.0
"강원도 종순군 
 균준홍군 5659 840-597",01081726221,9000.0,60.0
"부산광역시 용기동시 
 의규억구 6 484 762-535",01024346477,2000.0,60.0
"부산광역시 팽안람시 
 권효다로 763 053동 865호 566-726",01022548152,3000.0,60.0
경상북도 한재군 석영예로 1 0-7 (392-153),01043332484,9000.0,70.0
"제주특별자치도 순석구 
 윤형로 9406 009 906-442",01093792726,8000.0,30.0
"대전광역시 유효환구 
 범예거리 7007 366-233",01056564392,1000.0,40.0
"경기도 선창구 
 연구거리 6411 7-7 846-681",01077313868,6000.0,30.0
"부산광역시 기동마을 
 후온통로 8257 002-054",01073243427,4000.0,70.0
울산광역시 해림군 억웅혁로 0355 (128-135),01082655198,6000.0,50.0
세종특별자치시 망절병현마을 가익정거리 242 (992-123),01085893941,4000.0,70.0
"경상북도 묘위명구 
 재웅동 4126 993-979",01066319484,2000.0,60.0
"전라북도 안홍마을 
 웅철로 045 735동 620호 116-145",01075456967,1000.0,30.0
전라남도 두산리구 별억로 685 047-2 (335-343),01016212636,2000.0,70.0
"경기도 왕인선군 
 만대위로 3483 084-159",01084712258,4000.0,30.0
전라남도 정정마을 선효병거리 961 907-6 (279-512),01072323318,7000.0,50.0
서울특별시 석수시 초비건거리 853 529 (821-130),01079864435,9000.0,30.0
"제주특별자치도 자은한구 
 광억현거리 3 0-6 390-480",01012739542,9000.0,70.0
서울특별시 두억선군 주권철시 1548 (515-058),01089198121,8000.0,70.0
경기도 광화시 한웅화거리 3 (338-836),01029147817,6000.0,60.0
대전광역시 성진군 관익용시 0 (422-954),01029923173,4000.0,40.0
"부산광역시 묘은관마을 
 변형근거리 118 067-801",01056891672,5000.0,50.0
"충청북도 민협지구 
 선준진거리 962 247-123",01095876292,6000.0,30.0
"서울특별시 마병기구 
 철성동 6 479-4 386-024",01012891624,2000.0,60.0
"충청남도 전웅통시 
 백현산거리 447 827-970",01042486617,5000.0,40.0
인천광역시 묵산완구 남윤거리 3 201 (984-993),01054843466,1000.0,60.0
"세종특별자치시 의안구 
 창현형거리 0975 600-207",01075836564,8000.0,70.0
"광주광역시 욱우마을 
 구지희군 3 099-221",01076573632,2000.0,70.0
경기도 다은구 김통하동 5 (703-434),01028437193,6000.0,30.0
울산광역시 빙안희구 두슬동거리 395 (896-402),01079243559,3000.0,60.0
"전라남도 차정은군 
 나도근거리 2 462 705-570",01047821464,4000.0,50.0
"충청북도 영산마을 
 은솔혁시 4 396-236",01043772238,2000.0,60.0
"강원도 소봉하범시 
 효소동 573 690-616",01077536198,6000.0,30.0
서울특별시 구안마을 환진양로 2612 (835-020),01036272647,8000.0,60.0
대전광역시 미유광마을 찬열규군 025 (811-876),01023819211,1000.0,30.0
"경상북도 호협덕군 
 용연욱마을 3 158동 683호 684-942",01071348693,4000.0,40.0
세종특별자치시 운강철시 옥동두동 5 (563-100),01026441498,9000.0,30.0
"세종특별자치시 장곡준우군 
 단다대거리 974 3-8 018-978",01089976336,9000.0,60.0
"대구광역시 환우예구 
 준정거리 5902 128-928",01019655683,7000.0,40.0
"울산광역시 란환구 
 계상엽거리 5458 947 240-063",01048955593,9000.0,40.0
전라남도 황통아구 대련준시 964 143 (537-224),01061465895,1000.0,50.0
세종특별자치시 슬윤구 하협송동 1298 44-3 (337-793),01089667635,2000.0,40.0
"경상북도 원의대군 
 돈양재거리 360 177-1 716-611",01061229239,8000.0,40.0
부산광역시 옥해창구 지환주구 8870 (660-615),01036633385,7000.0,40.0
경상남도 비위시 익힘승군 860 (317-736),01011865122,4000.0,50.0
충청북도 연태마을 용힘연동 3235 (530-268),01088686954,7000.0,40.0
경상북도 강전완은시 도범동 3759 (097-399),01077754641,2000.0,40.0
"대구광역시 주양인시 
 비금수구 3837 075 649-258",01064484532,4000.0,40.0
인천광역시 산금마을 윤두힘동 3442 (495-204),01025937756,6000.0,40.0
"울산광역시 김혁통구 
 두억로 7428 716-578",01021519882,5000.0,70.0
대전광역시 연해솔구 명통동 1530 238-8 (212-062),01084469582,5000.0,70.0
대구광역시 인용구 인동강거리 090 781-7 (209-516),01074933278,3000.0,70.0
전라남도 민건종마을 찬승거리 654 (266-012),01065131644,3000.0,40.0
"서울특별시 규혁구 
 가영진거리 0 854-6 656-242",01038871895,9000.0,30.0
"세종특별자치시 홍원구 
 람두가동 8 103-111",01059995859,1000.0,70.0
울산광역시 어금경지시 림찬동 3 162-1 (309-751),01054455383,1000.0,70.0
대전광역시 유산병군 림기양시 0502 (913-698),01026697423,2000.0,60.0
충청북도 세후구 하안리로 8932 659 (353-602),01052544769,1000.0,50.0
전라북도 련덕군 열주로 304 (283-160),01094619749,9000.0,50.0
"충청북도 혁건구 
 화슬대군 331 606-3 147-750",01086677943,3000.0,70.0
"세종특별자치시 구영보마을 
 비송경구 9 307동 128호 102-497",01024577596,2000.0,50.0
경상남도  반엽하구 유의거리 120 487-6 (258-702),01039799884,7000.0,50.0
대전광역시 철양구 혜송로 3 (031-559),01057138234,9000.0,40.0
울산광역시 근진시 도선화마을 2615 (311-098),01093633559,7000.0,50.0
인천광역시 웅영구 송진환로 4 (493-227),01062268359,7000.0,60.0
서울특별시 저철형마을 궉관빈거리 0025 (657-479),01012357677,7000.0,50.0
"대전광역시 범미시 
 하병의동 7 647-676",01032273666,9000.0,40.0
"전라북도 병익마을 
 보휘창거리 4 057-746",01099214651,9000.0,40.0
"제주특별자치도 권도군 
 형창로 700 198-191",01017927931,4000.0,40.0
"충청남도 자익솔마을 
 남다로 4363 831-7 815-141",01084627543,6000.0,40.0
경기도 힘온시 보형휘거리 385 771-6 (449-389),01045367298,7000.0,50.0
"세종특별자치시 빈람군 
 창범로 488 945-724",01076313824,4000.0,60.0
강원도 윤향영시 병송거리 5832 (486-975),01088447749,3000.0,50.0
"제주특별자치도 재해군 
 람승은동 1622 944-670",01052917273,3000.0,70.0
인천광역시 경용시 재광동 195 91-4 (414-203),01023472313,8000.0,50.0
"경상북도 인정림시 
 기리로 0 165-364",01051337176,3000.0,40.0
"강원도 흥엽협마을 
 강열황구 058 27-4 767-000",01061189765,7000.0,40.0
"서울특별시 임성남마을 
 억금인거리 7942 665-417",01093935714,8000.0,60.0
"대구광역시 도소시 
 철리두구 351 641-8 439-152",01059748891,8000.0,50.0
"서울특별시 솔광시 
 영형원로 860 410-022",01091349619,3000.0,50.0
"부산광역시 협하시 
 인소혁로 8791 284-3 561-279",01052263619,7000.0,60.0
"울산광역시 관홍마을 
 선우수리로 9702 196-118",01016717797,4000.0,40.0
충청북도 정람군 무혜민동 4 207 (301-199),01035138691,9000.0,50.0
경상북도 란위마을 임련승로 030 6-3 (682-751),01023654421,4000.0,50.0
"대전광역시 선원마을 
 익리효로 2 393-067",01045389942,3000.0,60.0
"제주특별자치도 승안범시 
 제갈열광로 5717 7-7 790-485",01061872894,5000.0,40.0
인천광역시 인통란시 호별동 607 006동 546호 (245-232),01029716666,9000.0,50.0
"대구광역시 현위마을 
 무구로 9 758-387",01017216621,1000.0,70.0
대전광역시 대기마을 정상창로 0 (951-708),01013572593,8000.0,50.0
부산광역시 진완희마을 유솔휘구 5040 202동 504호 (012-996),01017926483,2000.0,30.0
충청남도 향주마을 남의기구 544 (306-360),01076697148,2000.0,40.0
"대구광역시 동련구 
 남대동 413 401-4 958-397",01083288976,4000.0,30.0
"부산광역시 용주구 
 준구석로 9 783-557",01078618154,6000.0,30.0
"경상북도 세하마을 
 빈무가로 9 412-543",01081611379,7000.0,70.0
광주광역시 마우대구 완규강마을 0 213동 771호 (876-138),01034382111,3000.0,30.0
인천광역시 금광시 동권무동 2 (710-126),01095516895,6000.0,30.0
"인천광역시 만람안마을 
 환송건구 8 28-7 677-910",01084964583,7000.0,60.0
"대구광역시 근수재마을 
 손온호동 669 354-166",01071763972,8000.0,40.0
"충청북도 전영진시 
 탁희종동 2930 198-300",01069179259,6000.0,70.0
"광주광역시 향욱구 
 복형승동 5968 299-091",01017954913,8000.0,40.0
세종특별자치시 후세구 황보준기동 836 383동 356호 (873-389),01083675473,9000.0,70.0
"충청남도 무남군 
 강향은마을 029 990-5 433-416",01034571116,7000.0,30.0
"충청남도 독고솔욱시 
 윤람거리 9090 206-023",01035255266,9000.0,30.0
경상남도 열두시 경위혁로 6 37-2 (469-499),01079266317,8000.0,70.0
"경기도 건명군 
 균강권동 7463 292 032-235",01049834935,2000.0,50.0
"인천광역시 호가군 
 원상거리 114 97-4 807-905",01073849175,2000.0,40.0
인천광역시 신경인구 아의무구 7963 (558-402),01058833854,5000.0,60.0
대구광역시 남위시 현병힘거리 3149 (821-615),01055899677,9000.0,60.0
"경상북도 림균마을 
 엽위거리 963 0-0 070-278",01073665297,9000.0,60.0
대전광역시 근민군 인휘근시 9 173동 892호 (241-791),01047638395,8000.0,40.0
광주광역시 준소열구 열힘열거리 9590 8-7 (696-678),01037564494,4000.0,40.0
"전라남도 제주별구 
 혜람정시 6 205-988",01087122976,2000.0,40.0
"인천광역시 성선마을 
 연가웅동 7 780동 074호 891-741",01095144657,2000.0,60.0
"경기도 왕산상군 
 진규해구 133 259-315",01087711764,2000.0,70.0
"경상북도 환정구 
 어금후철로 1110 072-010",01025511698,5000.0,50.0
"제주특별자치도 용하시 
 빈도관동 0 676 568-736",01072345531,3000.0,70.0
부산광역시 향두시 아준보구 7 400 (547-975),01014247373,9000.0,60.0
"광주광역시 통빈시 
 미엽순마을 9 764동 446호 245-984",01087545824,4000.0,30.0
"제주특별자치도 용슬건구 
 진혁현거리 9 861-192",01047286338,8000.0,30.0
경기도 강주마을 동완두구 107 (791-171),01033266468,3000.0,70.0
"울산광역시 유리도군 
 한예종거리 3 243-495",01051395832,8000.0,30.0
"대구광역시 두종예마을 
 다경동동 3794 080-9 525-343",01043646299,7000.0,40.0
"충청남도 철은군 
 홍다로 1 833-577",01052976689,7000.0,30.0
전라남도 용환소시 근규구거리 252 837-9 (974-666),01077442757,6000.0,60.0
전라남도 희은시 두혜윤거리 787 8-8 (417-464),01047897314,7000.0,60.0
인천광역시 련환마을 련현규거리 1 (255-981),01044538156,2000.0,40.0
충청남도 련덕마을 람소양동 0 (660-374),01066644456,2000.0,40.0
"대구광역시 유온마을 
 준동협거리 9 222-663",01037823985,8000.0,60.0
제주특별자치도 형안구 재의창로 4 (194-547),01076566739,7000.0,40.0
세종특별자치시 망절솔수군 희희동 5479 (600-890),01069523757,4000.0,50.0
대전광역시 민균시 설황수로 7348 245 (512-293),01046272839,9000.0,50.0
"인천광역시 위산열시 
 엄림경거리 6 3-5 561-242",01074933121,5000.0,30.0
전라북도 경범양마을 묵람후동 2968 (786-072),01085846898,3000.0,50.0
충청남도 연민마을 빈준광군 1 (921-826),01077441434,4000.0,50.0
"경상북도 비성구 
 덕소양거리 2300 329-115",01085624114,1000.0,70.0
"경상북도 남궁광화시 
 묘슬희거리 3 649-525",01082938912,5000.0,60.0
충청남도 황은람구 점승무동 8305 (441-141),01036595757,3000.0,50.0
전라남도 용순마을 길형람동 944 0-4 (185-327),01043292128,8000.0,70.0
"경상남도 지다군 
 익가호거리 3 873-376",01015112149,8000.0,50.0
"경상남도 병산시 
 미효란시 600 685 068-318",01032873812,3000.0,70.0
"충청남도 군익남시 
 운송엽동 8656 463-261",01038134913,6000.0,70.0
"서울특별시 견송슬시 
 해연림거리 3839 674 013-181",01087631267,1000.0,70.0
제주특별자치도 원명해시 범준소시 4665 539 (953-524),01096158397,2000.0,60.0
충청남도 원관재시 별아람로 2909 940 (152-281),01032313614,7000.0,50.0
"강원도 힘선군 
 휘건거리 3 35-7 484-957",01099892361,7000.0,60.0
"전라남도 추리철구 
 한통안거리 1600 699-765",01041687742,9000.0,40.0
대전광역시 란완구 병온억군 269 069 (662-458),01025963252,2000.0,50.0
경상북도 아선시 정석광시 0737 (772-259),01075557444,2000.0,60.0
"부산광역시 조주다시 
 온가거리 3 413 127-448",01079826812,3000.0,30.0
"세종특별자치시 구무구 
 추상림동 7 5-4 159-508",01099786866,2000.0,30.0
경상북도 교힘준군 도억로 5776 (224-781),01023833229,9000.0,40.0
충청남도 사공인온군 소협거리 085 475 (174-823),01099282151,3000.0,30.0
충청남도 돈무정시 준예거리 560 (706-870),01045568413,4000.0,30.0
경상남도 환희구 준소유거리 216 415 (134-643),01022967123,4000.0,70.0
대전광역시 련온마을 안무솔군 3 (317-074),01076612278,1000.0,40.0
"경상북도 윤준시 
 권승로 446 345-425",01073343969,8000.0,60.0
인천광역시 대대시 욱예가로 0160 (162-020),01032476441,6000.0,30.0
"충청남도 대경마을 
 려연동 8 256-015",01011245794,2000.0,30.0
"경상북도 의무군 
 련재호시 7 500-061",01054539432,2000.0,70.0
"충청북도 호산근군 
 남종거리 9478 300-192",01023795515,3000.0,70.0
"강원도 가재림마을 
 동순균마을 3328 210-8 974-854",01051538596,9000.0,70.0
"대구광역시 기관구 
 덕다동 521 698-508",01015911497,4000.0,50.0
제주특별자치도 편준형구 인홍연마을 9 142 (856-145),01027354499,6000.0,30.0
경상북도 마형범마을 효인빈마을 3 (492-810),01083241266,7000.0,50.0
세종특별자치시 방석태군 찬송거리 1 (671-214),01018554169,1000.0,30.0
"세종특별자치시 도세군 
 누태관거리 171 209-672",01056518427,8000.0,30.0
대구광역시 가훈대시 수황대마을 977 (710-794),01057528697,6000.0,50.0
강원도 팽해완구 명웅광동 313 974동 288호 (948-915),01084782916,1000.0,40.0
전라북도 하관군 송정완동 5212 92-6 (350-655),01078727226,8000.0,30.0
"경상남도 뇌리두시 
 환안동 2184 13-1 697-574",01073672886,2000.0,70.0
전라북도 힘보군 곽향권동 6 (817-331),01042413827,6000.0,50.0
"광주광역시 상안마을 
 관후지동 340 437-211",01017923887,6000.0,60.0
"대구광역시 야양대시 
 윤열영로 076 49-1 684-128",01085747413,1000.0,60.0
"경상북도 공미덕군 
 병별수거리 022 896-666",01034496449,3000.0,50.0
"경상북도 심성익마을 
 석주재거리 3218 669 401-176",01092778266,5000.0,40.0
경기도 돈통선구 재예덕마을 957 (345-514),01012727889,5000.0,60.0
"충청북도 람균군 
 규화안시 823 511-653",01061234444,4000.0,50.0
"세종특별자치시 진철마을 
 다산기시 0 062동 119호 989-580",01092262882,2000.0,70.0
"대구광역시 강남명구 
 수지동 032 713-707",01038173138,1000.0,50.0
세종특별자치시 심동대구 혜열로 0433 (337-150),01089763918,1000.0,30.0
대구광역시 훈억시 보화거리 384 (721-375),01049128749,1000.0,30.0
전라남도 여위균구 세범동거리 2723 706동 805호 (295-636),01033212678,5000.0,60.0
"경기도 방인상구 
 우용동동 4176 983-178",01098322337,6000.0,30.0
경상북도 양홍군 리명구로 037 944-2 (255-981),01084996424,8000.0,70.0
인천광역시 명남마을 육권균거리 9138 (254-189),01023692565,4000.0,30.0
"서울특별시 순가시 
 순윤향로 5 715-384",01041519883,5000.0,60.0
"대전광역시 람람마을 
 남별의마을 507 822-148",01081419483,6000.0,50.0
경상남도 경인군 저미진거리 1390 466동 403호 (409-684),01076348295,3000.0,70.0
"대구광역시 슬세마을 
 아양지시 5241 373 775-414",01076851298,5000.0,40.0
"경상북도 점철규군 
 다의동 1390 409-054",01036349553,9000.0,30.0
"제주특별자치도 강려영군 
 호두아동 3421 405 358-643",01096652774,2000.0,50.0
세종특별자치시 희호군 권은용동 1 (151-872),01015828151,8000.0,60.0
충청남도 순대마을 힘열근군 814 (651-849),01069449758,1000.0,70.0
서울특별시 심람유시 미윤로 3727 356 (764-079),01088625661,2000.0,60.0
경상북도 채화란마을 은우덕동 384 63-6 (570-096),01029385914,7000.0,60.0
"대구광역시 설강태군 
 창지도동 7 749-023",01015288424,6000.0,50.0
울산광역시 찬가시 우다재동 6792 78-2 (345-634),01028645117,5000.0,70.0
"강원도 엽관군 
 선우협련로 6 128 316-168",01061841675,7000.0,60.0
충청북도 변홍석시 려솔다마을 8 580동 623호 (524-270),01054291927,9000.0,30.0
"경상북도 판은익마을 
 별균웅시 1861 987-258",01068238192,3000.0,50.0
경상북도 야훈욱군 건민건구 9363 2-2 (377-739),01049459256,9000.0,60.0
"인천광역시 덕련시 
 한남황구 2 4-3 876-803",01013285322,9000.0,50.0
"전라북도 한힘마을 
 열완완마을 5 347-380",01015718352,7000.0,50.0
광주광역시 동보군 용동화거리 016 691동 565호 (505-080),01071147732,9000.0,40.0
경기도 송석지구 지덕효시 211 9-4 (010-016),01086246549,4000.0,30.0
"대전광역시 남궁연다구 
 려미양거리 7981 945-402",01069928132,1000.0,40.0
"경기도 리강시 
 우솔민마을 3387 039 868-373",01061764746,7000.0,30.0
서울특별시 하엽균구 은협힘시 8 (549-765),01026686459,6000.0,50.0
대전광역시 서동인마을 예범환거리 8 412동 090호 (510-568),01064231158,7000.0,50.0
"울산광역시 장곡순환마을 
 힘림주동 8783 254-909",01076655522,1000.0,30.0
강원도 미림시 협양로 8781 (535-859),01077387892,5000.0,70.0
경상남도 홍균시 산태세동 6 (209-984),01067856473,2000.0,50.0
"세종특별자치시 옥통하시 
 안종빈거리 7 063-021",01074145813,9000.0,30.0
"경상남도 권비시 
 한통동거리 786 575-894",01034973759,1000.0,60.0
"대구광역시 저두웅시 
 무려관구 1300 382-001",01067727811,7000.0,50.0
경기도 어억비마을 익려로 9 (758-232),01059189765,3000.0,30.0
"대전광역시 선인시 
 지슬석로 6 69-9 903-590",01085524546,9000.0,50.0
전라북도 지송승구 영순거리 3409 (192-735),01058281288,7000.0,40.0
"서울특별시 정은시 
 성연지거리 327 767 251-144",01062239478,7000.0,50.0
충청남도 진위용마을 림홍혜군 459 (201-232),01021479276,5000.0,50.0
"제주특별자치도 주엽순구 
 인규거리 9201 666-749",01054238573,8000.0,50.0
"대전광역시 범슬마을 
 병온한시 0636 056-145",01054972291,1000.0,70.0
충청북도 란다마을 안종동 5793 647동 755호 (139-963),01065692426,8000.0,50.0
"제주특별자치도 점남대시 
 은열동 772 959-128",01075718951,4000.0,50.0
충청남도 대대구 화윤석군 018 814동 761호 (125-868),01064295926,6000.0,50.0
제주특별자치도 산두시 휘동위군 053 (264-940),01081778485,1000.0,30.0
경상남도 황힘시 황대선동 4554 354동 281호 (950-360),01052938962,2000.0,40.0
"충청북도 경덕시 
 승정우거리 363 701-905",01096886594,7000.0,50.0
강원도 권산구 은구란동 291 (926-694),01076125149,3000.0,30.0
세종특별자치시 협균구 누순훈동 1658 617-3 (837-278),01096575322,4000.0,30.0
전라북도 이휘두시 휘통통거리 759 (663-056),01042393525,9000.0,60.0
충청북도 연두란군 재현기거리 0 94-8 (517-065),01089766353,4000.0,60.0
대구광역시 수찬무마을 아주근마을 2924 366 (502-699),01076638678,4000.0,50.0
경기도 누산한군 증안세동 3675 8-6 (428-596),01069736431,4000.0,50.0
"경상남도 전아경마을 
 위우거리 1 512-044",01076188883,3000.0,30.0
대전광역시 경아환구 하은황동 1893 403-7 (807-248),01042128243,9000.0,40.0
"세종특별자치시 순엽마을 
 훈구슬구 8 493-0 175-075",01048199544,1000.0,30.0
충청남도 마상송군 리슬동 7 (362-356),01095629186,6000.0,60.0
부산광역시 순철시 엽욱해구 5 (299-257),01027265116,1000.0,50.0
제주특별자치도 야솔기마을 창가빈거리 1112 (456-076),01029867433,7000.0,50.0
세종특별자치시 구빈소마을 예은성거리 1 (056-530),01087889993,3000.0,60.0
서울특별시 선완상마을 세아동 3 182-5 (857-515),01046837211,2000.0,50.0
"세종특별자치시 양주구 
 비보익시 8 83-3 744-428",01026964415,9000.0,70.0
"경상남도 두찬마을 
 기남로 839 2-0 173-433",01092847697,8000.0,30.0
전라북도 부욱주마을 아형태동 2855 445동 778호 (664-989),01066972782,5000.0,30.0
대전광역시 대준군 수양별동 1081 6-3 (474-552),01081678263,8000.0,30.0
울산광역시 장형대마을 란솔로 9266 914 (686-229),01091258946,6000.0,70.0
부산광역시 진희시 원람기로 0126 7-9 (548-044),01018834823,5000.0,40.0
충청북도 대보마을 위건우거리 081 (980-641),01039653684,8000.0,70.0
경상남도 진양마을 찬금권구 3 11-8 (728-290),01014439662,4000.0,40.0
대구광역시 부용혜군 완병태동 4 (476-722),01067496758,2000.0,50.0
서울특별시 삼병소마을 한찬황구 7668 933 (752-803),01019252761,1000.0,60.0
대구광역시 삼균남마을 향후동 329 141-7 (746-211),01039864556,3000.0,30.0
"경상북도 산양구 
 온범협군 5 993-158",01035922139,7000.0,60.0
"광주광역시 장곡다병마을 
 명홍련동 0 380-026",01058321492,3000.0,70.0
"대구광역시 경재광구 
 의규현동 6 608-606",01049461713,5000.0,70.0
"서울특별시 민영시 
 석예아로 245 167-747",01092363532,9000.0,70.0
"대구광역시 유강군 
 범성유거리 3 750-181",01066227923,3000.0,70.0
충청북도 노완란군 원경성동 369 856-9 (271-265),01041393945,3000.0,30.0
"강원도 무혁시 
 근안원시 8068 875 181-571",01016315247,3000.0,30.0
경기도 완려시 도련리마을 635 51-0 (871-251),01059379827,7000.0,60.0
부산광역시 장곡관구시 진수로 4 (326-169),01099572244,4000.0,60.0
대구광역시 위별군 온환동 0817 (398-025),01054299847,8000.0,30.0
충청남도 백명윤구 웅련소시 633 (076-531),01015934223,8000.0,50.0
서울특별시 엄범통군 욱우거리 8427 (328-336),01091577394,5000.0,50.0
대전광역시 팽두훈마을 웅찬권거리 4514 (717-709),01072719391,3000.0,40.0
"경상남도 견철상군 
 남열민동 9178 126-4 414-692",01075756734,8000.0,40.0
전라남도 배광향마을 점지상로 9705 087-6 (252-041),01058856491,1000.0,70.0
"충청남도 순지마을 
 찬금림구 926 909-722",01011874525,6000.0,40.0
대전광역시 우성구 승혁관로 955 841동 796호 (832-705),01044784467,1000.0,40.0
제주특별자치도 용란군 문규황거리 2 (552-123),01057498585,3000.0,30.0
"대전광역시 함의지시 
 해강통동 5283 020-875",01095431126,5000.0,60.0
충청북도 동방원대마을 무훈동 3 (568-279),01056799293,3000.0,60.0
"경기도 민란시 
 성열별거리 0696 623-427",01011836835,8000.0,30.0
"세종특별자치시 민근시 
 재유한마을 2996 962동 587호 701-678",01054597137,8000.0,40.0
세종특별자치시 가석송구 훈란재로 6051 286-6 (871-399),01058875536,3000.0,40.0
세종특별자치시 임비다시 슬환로 6 594-3 (938-011),01036344471,2000.0,40.0
광주광역시 온연구 승향로 7 965-4 (979-516),01038596782,6000.0,60.0
충청북도 즙윤욱군 완열동 1 (966-282),01042886817,7000.0,70.0
"서울특별시 안대은마을 
 편유효로 2 284-887",01041811793,6000.0,30.0
"부산광역시 남궁비웅구 
 온혁동 657 6-2 469-566",01087561457,7000.0,40.0
전라남도 담병연구 위형철동 8492 243동 651호 (292-689),01054949364,8000.0,40.0
광주광역시 빙완현군 민강람마을 2401 (853-649),01073747778,8000.0,60.0
강원도 판은규시 동보람구 7215 (419-874),01039357466,8000.0,30.0
"경기도 엽동현시 
 심현세로 621 553-2 850-471",01037741511,4000.0,60.0
"서울특별시 유금시 
 협화거리 2 125-952",01078927866,8000.0,70.0
"전라남도 엽가마을 
 혜다로 8 670-377",01083918265,2000.0,60.0
"충청남도 현슬무구 
 영선란동 952 7-2 749-029",01022227218,3000.0,50.0
경상남도 해건구 솔승한마을 817 (668-935),01013398587,2000.0,60.0
"전라북도 가산마을 
 묵림강거리 759 637-309",01028441844,5000.0,70.0
서울특별시  석금건마을 열웅준로 363 419 (970-217),01018776592,8000.0,30.0
"부산광역시 전석은시 
 욱보웅거리 959 025-666",01091731312,4000.0,40.0
"울산광역시 석관군 
 구소민로 4406 895 963-377",01034132996,9000.0,50.0
전라남도 송준군 명욱거리 9 (603-275),01063896124,6000.0,70.0
"강원도 완란구 
 권지현거리 5238 952-138",01094839392,1000.0,60.0
울산광역시 장동석구 옥태순거리 3 51-1 (400-657),01025323996,2000.0,40.0
경상남도 편하상시 근희원동 567 (868-004),01086692736,6000.0,30.0
"충청남도 육구산시 
 최훈남로 6735 719 627-794",01018363263,3000.0,40.0
경상북도 모예호구 궉원형거리 196 544동 961호 (675-922),01029296812,1000.0,60.0
"울산광역시 운연수시 
 구승혜로 0 043-238",01059744477,3000.0,70.0
광주광역시 사공해소시 범창동 4 743동 719호 (219-112),01034411451,2000.0,50.0
"광주광역시 훈양군 
 선람거리 8 6-6 920-752",01092636448,5000.0,50.0
"전라북도 견유송시 
 남환권군 428 673-407",01063624973,5000.0,70.0
전라남도 희예구 비엽상거리 2268 (181-798),01088955944,8000.0,30.0
"경기도 송진마을 
 람은로 5641 138동 722호 035-538",01096739528,5000.0,60.0
"강원도 려관구 
 초규도거리 5 770-984",01076486897,3000.0,40.0
강원도 필윤인시 홍하거리 3 99-9 (004-191),01078313527,3000.0,60.0
경기도 려소구 봉빈송동 4 (212-738),01031977932,1000.0,30.0
충청남도 화선구 해익관로 8357 0-0 (790-521),01087318214,5000.0,60.0
"인천광역시 정수협시 
 의현휘로 8 98-2 870-205",01038536239,7000.0,70.0
"전라북도 황재연마을 
 지유혁동 889 91-0 568-016",01033844687,8000.0,50.0
전라북도 호병소군 세한덕시 0580 668-6 (481-380),01046429612,9000.0,50.0
울산광역시 성준휘마을 유용미동 3 66-9 (531-789),01077681211,2000.0,50.0
전라남도 기근관시 호련동 6 (087-098),01018736438,6000.0,30.0
대전광역시 강전병영구 미진은로 5550 (309-335),01051465199,1000.0,50.0
경상남도 준려강군 하무산마을 7 375동 372호 (896-204),01045815693,1000.0,70.0
"전라북도 소인규군 
 만호열로 014 1-0 039-442",01075751655,9000.0,60.0
"강원도 강인시 
 종석훈구 926 166동 744호 547-975",01091273699,4000.0,60.0
"서울특별시 용병통시 
 억웅억구 0546 265-898",01048197233,9000.0,30.0
"제주특별자치도 만송규마을 
 가협명동 1 43-7 099-317",01062632559,3000.0,70.0
"울산광역시 아창환구 
 남혜동동 6201 497-8 629-646",01013424578,1000.0,40.0
"인천광역시 엽예시 
 화범동 473 688-022",01046385135,4000.0,50.0
"인천광역시 애협원마을 
 힘진재군 178 452동 082호 073-820",01014638599,8000.0,60.0
"충청남도 금덕근군 
 려지세동 9 010-111",01076727214,6000.0,50.0
"충청북도 무익군 
 순동남시 250 098동 282호 027-922",01051399867,1000.0,60.0
"전라북도 우종시 
 담수병동 857 6-0 069-919",01025846937,6000.0,60.0
"서울특별시 두종군 
 연호란로 056 489-638",01096582186,9000.0,50.0
대전광역시 경찬구 협홍무동 955 (320-429),01074221348,5000.0,50.0
전라북도 배도리마을 장명연동 6 (412-501),01053912678,9000.0,70.0
경상남도 순찬군 광원동 4102 (953-140),01084749475,8000.0,50.0
경기도 은위마을 후무기로 8396 473 (868-207),01052995532,3000.0,30.0
"부산광역시 도환시 
 산의로 5660 843-8 107-507",01067976827,7000.0,40.0
"울산광역시 임기권마을 
 환혜욱구 0 730-582",01025113744,4000.0,40.0
제주특별자치도 다균군 미윤로 3 057동 091호 (912-617),01084873412,8000.0,60.0
서울특별시 지란관시 욱억림구 222 (132-697),01077319224,2000.0,50.0
"서울특별시 승형구 
 유통미거리 7936 11-6 225-576",01049844816,9000.0,60.0
"대전광역시 길람용군 
 염소용거리 575 841동 548호 477-125",01023472527,8000.0,70.0
경상북도 억민시 솔환소구 5519 (243-636),01019218966,5000.0,60.0
충청남도 영안구 익성거리 283 653 (997-178),01032829511,7000.0,60.0
"광주광역시 남궁인경군 
 보람리군 492 4-3 770-970",01077631679,7000.0,70.0
부산광역시 가리시 단보금동 5983 (187-011),01051196335,1000.0,30.0
"경상북도 혜호마을 
 온유효군 9258 440-875",01099218255,6000.0,50.0
"세종특별자치시 정엽양마을 
 홍용강동 7 42-2 237-497",01096495553,9000.0,40.0
대전광역시 모산휘마을 영한산동 3 (391-557),01097362123,1000.0,40.0
"인천광역시 장곡호혁시 
 보세로 0 243-712",01089353111,2000.0,60.0
인천광역시 양홍호마을 남병거리 785 103-2 (839-455),01035435187,3000.0,30.0
"경상북도 보주시 
 변희권로 963 7-3 325-139",01086468656,4000.0,70.0
"서울특별시 정원승구 
 재슬예군 7309 408-976",01035187922,9000.0,70.0
"세종특별자치시 정두군 
 황명후거리 8889 5-5 481-086",01014474746,2000.0,50.0
"경기도 야웅구마을 
 이상해거리 777 227동 816호 345-676",01044111418,1000.0,50.0
"경상남도 민위관구 
 통완로 387 432-708",01024291557,7000.0,60.0
제주특별자치도 환환주구 훈선세시 0545 (438-549),01069914898,5000.0,40.0
"대구광역시 엽려군 
 허창대로 8 039-601",01084311731,7000.0,30.0
충청북도 명금엽군 가연한구 7 (986-699),01095369282,4000.0,50.0
"충청남도 연가경시 
 방통산거리 0 349-213",01027139277,7000.0,60.0
울산광역시 범호시 황호동 083 60-0 (592-343),01034834197,8000.0,40.0
서울특별시 태석구 증혁병동 6 434 (292-792),01024966524,3000.0,60.0
인천광역시 점구안구 소예거리 1478 44-8 (664-658),01017978276,9000.0,30.0
"충청북도 애후명구 
 태람동 2 830 417-355",01016472145,9000.0,70.0
울산광역시 위수광시 근힘거리 8 35-5 (700-531),01064463447,7000.0,30.0
제주특별자치도 상온시 견련지로 742 (175-139),01016749162,6000.0,40.0
충청남도 야은해시 두휘거리 5131 (458-876),01012838351,4000.0,50.0
서울특별시 윤욱의구 지연동 9216 (306-344),01032998489,8000.0,70.0
세종특별자치시 주무홍군 인람로 8334 179동 039호 (350-079),01022562578,7000.0,70.0
충청북도 담호힘구 하덕창거리 6 (559-584),01062141974,7000.0,40.0
서울특별시 양홍구 조아찬동 4621 (933-611),01036941561,2000.0,30.0
"충청남도 소리마을 
 람빈양거리 504 594-522",01054124352,6000.0,70.0
광주광역시 돈효송마을 상솔솔거리 4032 77-5 (686-549),01027765963,6000.0,30.0
"제주특별자치도 현송무마을 
 희범거리 2500 260 956-104",01099473962,6000.0,30.0
대구광역시 승환덕군 재강인마을 7123 994 (528-121),01072211541,3000.0,50.0
전라남도 후힘구 순비세로 1923 (654-606),01065765783,3000.0,40.0
부산광역시 균진마을 수창로 118 862동 266호 (418-889),01088326777,2000.0,70.0
"울산광역시 준주강군 
 우민근마을 676 779 555-592",01043571619,7000.0,30.0
충청북도 제리홍군 구비덕거리 8528 (970-592),01015433729,7000.0,30.0
"전라남도 정성군 
 즙양억동 572 442-675",01083557266,5000.0,50.0
"경상남도 방다산시 
 범석준시 7 202-723",01084561688,6000.0,40.0
경기도 모홍휘마을 형용거리 0 9-4 (185-856),01025752352,1000.0,40.0
"울산광역시 욱근군 
 변정진동 8 410-258",01074499821,9000.0,60.0
인천광역시 현형빈시 하창재시 0676 511-5 (097-961),01098582771,6000.0,60.0
"경상북도 묘건태마을 
 효수성로 9315 725-868",01025133566,7000.0,70.0
"부산광역시 장웅열마을 
 태향현마을 950 325-453",01018737162,2000.0,30.0
인천광역시 요련환군 열철금마을 2924 (327-766),01052127114,5000.0,30.0
"경상남도 금경광시 
 비한로 2185 018-182",01052696978,4000.0,30.0
세종특별자치시 육광덕구 원기혁거리 685 (718-195),01084486887,2000.0,50.0
"제주특별자치도 백화재구 
 우상한동 4 82-0 832-722",01027428194,9000.0,50.0
"충청북도 원정재군 
 통민종구 2 125-563",01069647867,4000.0,70.0
전라남도 경유군 광솔한마을 2082 (039-349),01043387253,4000.0,70.0
강원도 도완마을 윤병억동 9 07-7 (550-564),01023231277,9000.0,60.0
울산광역시 강전철통시 대열협시 258 574-6 (489-190),01074764439,3000.0,60.0
"대전광역시 수보구 
 란세환로 384 4-8 177-973",01021743873,2000.0,50.0
"서울특별시 욱열구 
 민규윤동 228 7-6 626-802",01017655318,9000.0,70.0
서울특별시 명혜해시 연승슬로 767 025동 443호 (961-487),01024929547,3000.0,40.0
"충청남도 향화시 
 희화로 3 973-203",01083485464,2000.0,70.0
"전라남도 찬찬마을 
 형한현시 025 660동 686호 704-102",01051297262,7000.0,60.0
대전광역시 경선현마을 주관로 4219 0-3 (727-391),01075417937,1000.0,60.0
경기도  석진규구 선찬로 447 582 (687-109),01044118816,1000.0,30.0
경기도 휘성시 장곡기안로 1 74-9 (420-728),01074833232,8000.0,50.0
"부산광역시 익인시 
 지화로 9726 406-211",01071743918,3000.0,60.0
충청남도 정건혜구 지찬거리 7 (493-597),01097248676,3000.0,50.0
경상남도 옥남웅시 창후완군 584 908 (161-183),01067128967,4000.0,30.0
"서울특별시 방승보마을 
 구강거리 9949 354동 010호 298-626",01034972297,4000.0,60.0
"제주특별자치도 모명억구 
 휘민홍마을 144 091-829",01014648691,5000.0,70.0
인천광역시 운가다시 장곡준휘거리 7553 3-1 (502-030),01043587696,7000.0,40.0
"인천광역시 함수관군 
 은통권거리 8 383-707",01081131189,2000.0,50.0
경상남도 다재마을 란안거리 4 (368-376),01083286796,3000.0,60.0
"충청북도 곽태우군 
 완엽남로 826 833-927",01056841562,5000.0,30.0
"충청남도 효두군 
 낭송도동 3814 39-3 049-854",01041414359,5000.0,60.0
대전광역시 의도구 민세열동 666 2-2 (604-793),01043276639,1000.0,50.0
"세종특별자치시 산선마을 
 람송호시 0 742-759",01091789921,2000.0,60.0
충청남도 야용련군 협도거리 5 2-1 (753-395),01096161189,9000.0,40.0
"광주광역시 균명군 
 용통예동 6 338-262",01044946494,2000.0,50.0
"경상북도 철희군 
 송범석동 869 400동 707호 563-809",01038574965,3000.0,60.0
"세종특별자치시 고동종군 
 옹찬정로 414 962-707",01061162564,9000.0,30.0
경상남도 차비우군 민황창동 2 (433-412),01035959933,6000.0,60.0
"울산광역시 동방선인마을 
 솔혜수거리 0 707 444-489",01051411776,5000.0,70.0
경상북도 진향근군 련균예구 6 284동 604호 (270-604),01034832454,3000.0,60.0
제주특별자치도 모은욱군 호억향로 3 1-8 (628-921),01048859938,9000.0,70.0
대구광역시 원상남군 석우동 5 290 (228-428),01028977959,4000.0,30.0
"전라북도 누승구군 
 효인웅동 940 3-6 983-280",01019157673,3000.0,70.0
"부산광역시 애홍완구 
 영세완동 3134 517-989",01034568187,1000.0,70.0
인천광역시 신휘소군 윤별하거리 8 (819-507),01057282523,6000.0,60.0
경기도 형엽마을 양다동 6761 320동 974호 (106-757),01012112173,4000.0,30.0
인천광역시 망절종엽마을 원빈명로 703 (269-152),01011623129,8000.0,60.0
"서울특별시 두수대군 
 종균동 2 047동 742호 487-458",01055251726,7000.0,60.0
"대구광역시 훈혜마을 
 구병권군 4 476 346-987",01032371367,8000.0,70.0
대전광역시 빈권시 예한로 5423 517동 239호 (634-002),01051673377,7000.0,60.0
세종특별자치시 수인구 빈해동 6 208동 584호 (845-809),01021475587,5000.0,30.0
"경기도 혁안시 
 병협비군 837 09-5 681-484",01074922579,4000.0,40.0
제주특별자치도 맹창범시 아열규시 968 (413-171),01065272853,9000.0,70.0
부산광역시 강전웅순시 강힘인로 928 (866-307),01024153958,2000.0,30.0
대전광역시 향구마을 웅덕동 4 (510-473),01064428835,5000.0,60.0
"세종특별자치시 원수도구 
 기익형구 170 36-9 015-814",01033379713,6000.0,30.0
"전라북도 근림시 
 해순동 5053 96-9 458-297",01096242848,9000.0,30.0
충청남도 계리엽시 보욱권동 4 40-8 (378-460),01075389197,6000.0,70.0
경상북도 이솔연시 방예수동 7555 620-2 (675-792),01085869472,3000.0,40.0
"대구광역시 웅승마을 
 범세태시 800 3-7 402-283",01077952891,2000.0,60.0
"강원도 팽예원마을 
 예세거리 6199 114-964",01049238971,4000.0,60.0
"서울특별시 선진구 
 혁승동 8 977동 026호 242-804",01095454322,8000.0,40.0
"전라북도 두안덕군 
 승승동 9 298동 006호 621-489",01093635375,4000.0,60.0
"경기도 정승균마을 
 하련철구 8992 283-533",01081839655,3000.0,50.0
"부산광역시 구석웅군 
 리순거리 220 816-025",01094135827,8000.0,50.0
"경상남도 통익마을 
 련호민군 3 881 940-427",01024624238,9000.0,40.0
"전라북도 순힘마을 
 민휘환로 3 048동 220호 911-214",01076894189,8000.0,70.0
서울특별시 사공두별군 주상동로 1584 728 (148-502),01067539962,3000.0,60.0
"전라북도 혜엽구 
 추덕송로 8988 512-813",01054579724,8000.0,30.0
울산광역시 환철마을 승태동 587 229 (433-263),01027491841,2000.0,70.0
부산광역시 제갈영현군 소익화마을 0 4-0 (706-944),01027199111,7000.0,40.0
강원도 낭정호군 관슬현로 9857 (904-304),01011672876,2000.0,30.0
인천광역시 란홍구 람리거리 5 5-0 (970-276),01016768566,1000.0,60.0
"제주특별자치도 경웅마을 
 효상관동 6793 390-2 140-066",01051982712,7000.0,40.0
경상남도 노윤권마을 세효주거리 7 (084-081),01065775568,1000.0,50.0
경상북도 교윤홍시 해찬덕동 8611 051동 855호 (096-979),01036925631,6000.0,40.0
울산광역시  반상힘마을 솔도혜마을 2761 (069-851),01039264564,2000.0,40.0
"대전광역시 주혁군 
 원후남동 6 059-386",01064375762,6000.0,40.0
"인천광역시 비금군 
 빈힘금구 7840 312 206-708",01023669577,9000.0,50.0
"광주광역시 권관시 
 수혁재거리 950 246-5 544-034",01045321323,7000.0,40.0
"울산광역시 제림란군 
 안형근마을 6574 594-108",01087749452,7000.0,40.0
"충청북도 양희시 
 종다거리 090 477-8 963-029",01028667463,4000.0,40.0
"전라남도 낭완범시 
 석윤건거리 311 645 872-279",01076386217,8000.0,30.0
전라북도 복슬경군 한강성시 6 (167-714),01031598897,3000.0,70.0
"충청북도 다산군 
 의훈거리 885 822-646",01029674227,4000.0,40.0
"강원도 삼유화시 
 지지대로 6088 351-037",01084175181,1000.0,70.0
"강원도 혜형마을 
 어금지열거리 722 973-3 839-869",01014282874,1000.0,40.0
광주광역시 견철황시 은권동 476 (019-903),01092488763,5000.0,70.0
"세종특별자치시 익황시 
 덕두동 787 380-303",01021716469,7000.0,40.0
서울특별시 근석건군 휘연의동 5719 (408-505),01082155514,8000.0,30.0
"경기도 양효선군 
 탁비주거리 0 638-228",01025797924,1000.0,50.0
부산광역시 도다군 명예휘로 5 (714-012),01095399696,7000.0,40.0
"서울특별시 훈세시 
 휘현동 711 961-1 152-678",01095139123,7000.0,40.0
울산광역시 강상마을 준환진동 0629 (179-732),01059675485,6000.0,30.0
"인천광역시 석안마을 
 두엽희군 5794 679-588",01038657884,3000.0,70.0
"충청남도 동규군 
 근호범동 035 570동 428호 605-875",01082657412,9000.0,30.0
"서울특별시 후연마을 
 추별후로 7252 8-8 776-940",01054371575,5000.0,50.0
"광주광역시 계환홍군 
 민기양시 3916 842-620",01039929797,7000.0,30.0
제주특별자치도 휘한마을 완련로 936 297-2 (817-980),01043856454,8000.0,70.0
"경상북도 주주지시 
 향온지로 143 549-435",01081217642,9000.0,60.0
"부산광역시 곽황희군 
 돈억주로 6744 219-128",01097896646,1000.0,70.0
충청북도 유재주군 노협황동 6 (326-631),01011299359,2000.0,60.0
"경상남도 황도선마을 
 승권후거리 097 276-333",01093155516,9000.0,30.0
"충청북도 원승련마을 
 해근용로 9 09-0 568-229",01055123715,9000.0,40.0
전라남도 권홍황구 예근동 8132 055 (594-685),01041245711,4000.0,30.0
서울특별시 함순혜마을 즙민기동 768 (913-348),01025168142,9000.0,40.0
"경기도 윤은혜마을 
 명범무마을 794 107 041-164",01031467116,7000.0,30.0
"강원도 엽진마을 
 보홍거리 2 296 297-216",01095586196,2000.0,60.0
충청남도 협종시 견란종동 920 (122-032),01097994329,8000.0,60.0
제주특별자치도 양균마을 후림홍거리 122 (761-977),01011698176,2000.0,50.0
"인천광역시 제금권군 
 박안휘로 5126 785-402",01071236121,7000.0,30.0
서울특별시 구두기시 운협휘동 6039 (384-820),01076649634,4000.0,30.0
"세종특별자치시 자주혜시 
 구예훈동 4143 899-440",01039189669,4000.0,30.0
"부산광역시 호윤마을 
 통형송마을 2630 536-5 143-453",01089628872,8000.0,60.0
경상남도 장연윤마을 사공철위로 832 110동 320호 (062-169),01096282561,6000.0,60.0
세종특별자치시 흥종억군 예광은마을 5805 (200-066),01042538878,8000.0,30.0
울산광역시 전란온군 석형가로 8873 (140-348),01019978163,5000.0,70.0
"인천광역시 낭아우구 
 용의태구 516 499 994-993",01043153957,7000.0,40.0
"서울특별시 석후군 
 람유강시 241 496-167",01024549389,2000.0,40.0
강원도 해엽시 승연로 3796 (141-440),01047245218,4000.0,60.0
경상남도 운보은구 은선보동 255 (601-771),01086343319,8000.0,50.0
"충청북도 은상군 
 견권빈로 240 810-599",01059879639,9000.0,40.0
대전광역시 즙용지군 성아황거리 7 8-3 (612-917),01077981268,6000.0,50.0
"부산광역시 편소욱군 
 온황후군 2 165-180",01058813578,1000.0,30.0
"충청남도 향두군 
 경광황로 6 113-5 878-759",01059583663,5000.0,40.0
"전라남도 탁효종마을 
 영세거리 168 78-6 319-758",01029578338,5000.0,30.0
대구광역시 황호마을 아성진동 1 (726-913),01062616718,9000.0,60.0
서울특별시 호세시 담준덕로 1938 306 (486-101),01013788513,9000.0,30.0
"강원도 란주마을 
 통균거리 045 797-837",01092341924,7000.0,40.0
강원도 양한마을 한한강마을 9 551-9 (686-417),01071665297,9000.0,40.0
대구광역시 영석무군 련영거리 6653 611 (000-832),01047594185,6000.0,60.0
인천광역시 광금마을 호호호시 5067 190 (769-248),01097991774,4000.0,60.0
광주광역시 옥욱람시 림희로 356 174-0 (215-422),01066832531,1000.0,60.0
"경기도 용통시 
 권수재로 1 635-007",01056417287,9000.0,30.0
"충청남도 담하용시 
 묘비온로 562 13-7 737-129",01044553444,3000.0,60.0
"제주특별자치도 뇌대웅구 
 훈태동 815 775-005",01069446894,2000.0,30.0
경상북도 억안군 구대해군 5125 30-0 (439-136),01014717878,2000.0,40.0
대전광역시 다현시 석온관군 9 128-2 (379-969),01042497486,8000.0,70.0
"세종특별자치시 슬승구 
 필찬효거리 4178 514동 520호 461-860",01015949746,3000.0,60.0
대전광역시 전효금마을 유휘가로 7 933동 731호 (880-285),01011788753,8000.0,60.0
"충청남도 망절아람마을 
 명비상로 0189 406-609",01066186967,8000.0,70.0
"전라북도 솔미군 
 원지련거리 321 689-041",01097514578,5000.0,40.0
"광주광역시 찬예시 
 매혁대동 0903 940동 629호 104-518",01029286861,7000.0,70.0
경상북도 사공용범군 사공도향로 5194 2-1 (680-026),01031898673,1000.0,30.0
"전라북도 려란마을 
 명완금시 0 363-8 736-414",01063371112,3000.0,30.0
서울특별시 철리시 근해위거리 0 608동 291호 (561-598),01032269952,8000.0,40.0
전라남도 민희철마을 통기로 5 (436-219),01028324311,2000.0,50.0
"부산광역시 아근구 
 애예슬로 8521 528-1 562-909",01049236378,9000.0,30.0
울산광역시 향통군 림산람구 9 327-5 (074-555),01046254682,9000.0,70.0
"세종특별자치시 왕솔유시 
 온훈로 990 060-405",01018361895,2000.0,50.0
"인천광역시 건연군 
 세재별시 2793 128동 481호 107-018",01048389118,6000.0,50.0
"전라북도 남상시 
 해완아로 4 482-259",01078678594,1000.0,40.0
"인천광역시 조금호구 
 연양의로 7 167동 768호 883-634",01056454333,4000.0,60.0
전라남도 나찬의구 강보구로 488 (916-326),01087549242,5000.0,60.0
"제주특별자치도 온상마을 
 관금진동 9332 664-7 035-035",01083361466,5000.0,50.0
"광주광역시 덕림마을 
 상상림구 814 121-9 802-878",01015158291,2000.0,50.0
"충청북도 손통리군 
 망절한정동 619 563-822",01051556727,4000.0,30.0
전라남도 하순슬마을 의병향군 6 (353-841),01017452588,3000.0,40.0
"세종특별자치시 준희구 
 송련동 4746 679-394",01071245867,8000.0,70.0
"부산광역시 공유세군 
 건리거리 6 817-258",01049419814,7000.0,50.0
경기도 주세군 권수찬시 0916 (888-406),01061347455,1000.0,60.0
전라남도 위강두시 양힘양로 1451 654-1 (131-079),01025778835,4000.0,70.0
부산광역시 혜위구 송환덕거리 4366 557동 886호 (899-542),01018453844,4000.0,30.0
서울특별시 윤찬마을 양진윤시 901 238-7 (502-738),01027915446,3000.0,50.0
부산광역시 힘균군 사현지거리 5 562동 498호 (177-267),01029945625,1000.0,50.0
세종특별자치시 사철재시 슬황동 1164 54-6 (119-807),01025364212,4000.0,60.0
광주광역시 원람연시 환호가동 2781 (458-840),01027473844,7000.0,70.0
"전라남도 혁람구 
 낭지남거리 5 204-0 214-434",01029442936,1000.0,40.0
"인천광역시 송예시 
 어금주슬거리 827 4-6 453-261",01031234577,4000.0,50.0
"대전광역시 연힘윤군 
 혁규로 536 800-050",01027695281,5000.0,30.0
대구광역시  석의통군 남아다거리 364 5-1 (160-398),01038741374,4000.0,50.0
"대구광역시 양효군 
 통은로 8 452동 020호 305-737",01098246438,9000.0,50.0
"서울특별시 민종군 
 경광비시 2 6-9 889-286",01089866844,7000.0,30.0
"경기도 남무대군 
 열통림거리 649 953-215",01084984238,8000.0,30.0
"광주광역시 추연금구 
 무희동 424 283동 029호 737-376",01031251616,9000.0,50.0
"서울특별시 의세구 
 비효빈군 603 238-066",01027698651,9000.0,70.0
"경상남도 해희구 
 엽남다동 200 124-484",01023761245,9000.0,50.0
"경상남도 형민마을 
 정익로 6 99-8 244-985",01089121286,9000.0,60.0
"세종특별자치시 정후희시 
 혜온명구 590 572-829",01021982961,3000.0,40.0
전라남도 우홍안시 유엽거리 7412 (354-813),01016811946,8000.0,30.0
울산광역시 최림해구 구남명로 086 (941-260),01078811641,1000.0,60.0
"전라북도 아솔시 
 보후거리 4 966 658-215",01061994542,2000.0,60.0
인천광역시 필남빈구 민혁석거리 3 (203-464),01071918843,3000.0,60.0
"대전광역시 통명구 
 솔홍태동 4996 391-358",01087473822,4000.0,30.0
"강원도 제갈양승마을 
 주우거리 1 80-8 340-820",01093937975,6000.0,50.0
대전광역시 보효시 이홍규거리 4221 (444-619),01078367285,2000.0,70.0
부산광역시 흥용은시 예원원거리 5540 59-0 (882-383),01019987329,4000.0,50.0
"대구광역시 신성한구 
 진승로 1 120-8 862-102",01017158115,7000.0,40.0
경기도 종엽호군 윤빈동시 3 0-2 (229-797),01083538816,5000.0,50.0
대전광역시 순도윤시 해도안시 7 09-8 (805-005),01039443749,5000.0,60.0
"경상남도 차성가군 
 안석기동 5 9-9 159-228",01034235963,3000.0,40.0
"서울특별시 선우윤화시 
 억찬동 8 417-605",01097558167,7000.0,50.0
인천광역시 방억웅군 완소로 491 0-7 (983-308),01082866495,6000.0,40.0
"광주광역시 진도현구 
 완대대거리 686 9-2 053-741",01097412194,3000.0,70.0
부산광역시 권순두시 종훈형거리 298 (800-422),01099855593,4000.0,70.0
"서울특별시 정영마을 
 창범로 4665 284-157",01046511996,1000.0,60.0
세종특별자치시 가영구 희찬위시 2427 (420-997),01071312286,5000.0,30.0
강원도 나환향구 혁태온동 899 92-3 (756-500),01074634957,3000.0,50.0
충청북도 준정균마을 웅해동 4 535 (958-332),01064263134,7000.0,70.0
대구광역시 담화구시 지한보시 9750 (287-923),01076291757,8000.0,50.0
전라남도 휘규마을 주동강로 5414 800-2 (527-263),01094383769,5000.0,40.0
"강원도 호빈군 
 광혜로 4 6-5 535-397",01026347796,6000.0,40.0
대전광역시 주승시 염창우동 320 (822-607),01042257146,1000.0,70.0
"충청북도 용엽하마을 
 황형거리 8 463동 752호 126-173",01081376952,6000.0,30.0
"부산광역시 웅창군 
 두관훈군 412 915-478",01045615145,8000.0,50.0
전라남도 송건군 비별로 911 (557-665),01088456469,2000.0,40.0
전라남도 보웅구 영슬효거리 053 885 (941-302),01043377688,1000.0,30.0
서울특별시 뇌광련시 지구열거리 9 (240-435),01043121614,8000.0,60.0
강원도 육균병군 경순하동 7853 846 (482-149),01097951344,6000.0,50.0
대구광역시 동방슬덕군 우상창로 4 (439-045),01015767819,4000.0,50.0
"경상북도 황상아마을 
 보협거리 9049 2-4 938-656",01084626859,5000.0,50.0
대구광역시 형다군 은슬하마을 9799 (701-952),01022554664,2000.0,40.0
울산광역시 환찬시 가연별군 1876 (657-436),01027197262,1000.0,50.0
서울특별시 양석구 형승거리 8531 (270-476),01032619227,3000.0,40.0
충청북도 동균마을 한순로 493 809동 367호 (844-388),01011956863,4000.0,70.0
"경상남도 예소시 
 균가람군 5796 660-872",01086596145,5000.0,30.0
세종특별자치시 범해마을 권양금시 474 (560-639),01076455222,9000.0,60.0
경기도 구별마을 통황동 342 080-0 (919-368),01088723456,1000.0,30.0
"인천광역시 이명남구 
 규희세시 242 1-4 033-958",01066187788,9000.0,30.0
강원도 슬혁군 현석진시 0 (292-050),01033271966,2000.0,30.0
강원도 류훈혜시 통위건로 8 425-1 (197-913),01093969933,7000.0,70.0
광주광역시 장동황구 훈세동 1709 5-5 (421-581),01062994161,2000.0,30.0
부산광역시 경혜시 억찬구거리 673 214-3 (858-203),01012465669,6000.0,60.0
"대구광역시 의통군 
 해해재군 7238 50-0 750-798",01098824973,1000.0,50.0
"부산광역시 즙후가군 
 만솔광거리 690 157 345-443",01023519912,8000.0,30.0
울산광역시 인련덕시 창근석동 091 (702-111),01063336828,6000.0,70.0
서울특별시 송훈화구 주해로 155 805-7 (245-802),01021571986,3000.0,30.0
경상남도 백보란마을 금빈협마을 1234 (021-210),01034851464,6000.0,30.0
부산광역시 근비구 경순미마을 0 (590-837),01054923715,8000.0,40.0
경상남도 도억군 정형동 7209 (292-216),01019115385,3000.0,60.0
"전라북도 용동예마을 
 재현란동 0 504-442",01099879211,6000.0,40.0
"전라북도 슬순군 
 종종동시 643 25-6 007-701",01056169566,1000.0,40.0
강원도 남향구 화무동 382 0-4 (959-980),01097978373,6000.0,40.0
대구광역시 김상찬마을 홍안선로 0333 293 (043-034),01024188687,1000.0,50.0
"경상북도 남궁권인군 
 방순황동 3731 57-7 417-651",01075828693,2000.0,60.0
"대구광역시 위관준군 
 후권훈구 4535 096-992",01018234671,1000.0,70.0
"충청북도 인안힘구 
 리정로 638 715-981",01055186543,1000.0,50.0
경기도 두엽마을 현휘송거리 821 52-3 (406-419),01044625285,9000.0,70.0
"충청남도 남련마을 
 이범홍로 530 60-8 202-667",01039666576,7000.0,30.0
"충청남도 임창범군 
 단관한동 472 84-6 026-239",01036699153,4000.0,60.0
전라북도 준금마을 계준리로 690 4-2 (417-904),01063857272,9000.0,30.0
"전라남도 양선시 
 호용태거리 498 912동 791호 431-422",01096937372,5000.0,50.0
"광주광역시 용성군 
 세은로 3175 172-969",01096935584,4000.0,30.0
부산광역시 비연마을 준희욱군 0672 9-9 (225-468),01029584916,1000.0,70.0
"울산광역시 림위시 
 선웅호시 769 297-148",01075624524,2000.0,70.0
"서울특별시 태주시 
 병인로 520 4-5 323-906",01085863354,9000.0,50.0
"제주특별자치도 협병군 
 양금범동 591 483-925",01074567763,8000.0,70.0
경상남도 범병시 소성동 190 (341-712),01082254664,4000.0,30.0
"제주특별자치도 서유훈시 
 철균거리 9 272-478",01076651557,2000.0,30.0
부산광역시 유가솔시 아윤금동 1629 (306-122),01067927577,2000.0,30.0
광주광역시 혜병군 남금거리 8376 818동 897호 (979-945),01069726167,8000.0,60.0
인천광역시 아휘군 욱은도마을 181 484 (512-984),01042464734,6000.0,40.0
전라북도 요유홍군 정슬거리 8811 857동 005호 (198-460),01055713381,4000.0,50.0
광주광역시 환림구 위황범시 9 (015-635),01078919548,2000.0,70.0
"제주특별자치도 어금수열시 
 규보준동 633 572-296",01067566879,3000.0,40.0
"강원도 성두동군 
 익덕웅시 8 969 476-290",01097893642,3000.0,70.0
강원도 독고명려마을 산선안군 2 (302-719),01047577111,6000.0,50.0
전라남도 고소솔구 균빈거리 087 (563-467),01094667978,3000.0,60.0
"경기도 양환군 
 힘원윤마을 391 669-922",01019819486,3000.0,60.0
전라남도 동방완후마을 유재수로 448 6-2 (590-366),01098929753,9000.0,60.0
"충청북도 편인철군 
 규현거리 0 4-9 989-900",01096197673,6000.0,50.0
강원도 견통민시 두준인마을 3 713-4 (142-853),01025335333,7000.0,60.0
"광주광역시 억순시 
 산도호로 4410 844 267-324",01035865973,7000.0,40.0
경기도 한창혁군 금슬금동 0 8-6 (795-413),01064418364,2000.0,70.0
경기도 효소구 저경건동 5022 25-7 (175-343),01086316441,9000.0,60.0
"대구광역시 빈훈구 
 대창하군 061 142-182",01011922691,2000.0,50.0
"광주광역시 형대구 
 명윤거리 5088 9-0 662-816",01015142514,8000.0,50.0
"인천광역시 규강시 
 온호동 4767 513-240",01053633277,5000.0,70.0
대구광역시 온건군 하상동거리 675 (915-392),01049765859,2000.0,30.0
전라남도 균열군 상혜종마을 9318 03-3 (613-068),01024473128,7000.0,40.0
강원도 도솔시 궉미림로 3552 (892-136),01068639316,3000.0,50.0
제주특별자치도 박하비군 련열순로 117 (348-594),01069232763,3000.0,70.0
충청북도 사공석려시 수수욱로 8004 245 (781-347),01071859223,5000.0,30.0
"제주특별자치도 묵억훈군 
 혁균로 417 046-1 424-910",01086363846,2000.0,60.0
"대구광역시 옹엽순마을 
 원경창로 9298 436-257",01055336686,7000.0,40.0
"강원도 억철군 
 팽형통로 5 9-9 628-747",01032225961,8000.0,40.0
"대구광역시 두두군 
 혁은거리 767 261-4 093-878",01045986194,9000.0,60.0
대전광역시 길동의구 계예도로 2820 423동 110호 (186-422),01054972532,9000.0,30.0
충청남도 협병군 협규순동 9252 730 (886-389),01049179757,8000.0,40.0
충청남도 진순온구 아효로 624 331-6 (430-724),01086199694,8000.0,40.0
"전라남도 소봉우힘구 
 별혁동 4 66-5 029-489",01064662336,2000.0,60.0
"부산광역시 어금강유마을 
 화준병거리 264 123-553",01026486234,2000.0,70.0
충청남도 형훈마을 리엽무구 9660 (151-909),01087167485,4000.0,30.0
경상북도 돈억준시 람슬향동 005 (891-078),01018449765,5000.0,60.0
전라북도 해리구 민대거리 4 (631-611),01039486964,1000.0,30.0
"울산광역시 담인호시 
 유석완거리 8405 820-157",01072836449,5000.0,50.0
"세종특별자치시 망절예도군 
 명선로 1573 587-727",01033115378,8000.0,70.0
"전라남도 현광빈구 
 근태한동 5746 270-542",01054943219,9000.0,30.0
전라남도 남동구 온혁완군 2 (814-727),01088281484,3000.0,70.0
"인천광역시 흥웅건구 
 열남준군 5263 066-459",01053363262,3000.0,50.0
"대전광역시 련종구 
 무해완로 5611 869-001",01079219751,2000.0,70.0
부산광역시 옹슬익마을 통강거리 0924 24-9 (969-260),01092677159,2000.0,30.0
"대구광역시 정덕의마을 
 승명범시 0 6-3 753-679",01097139475,9000.0,50.0
경상북도 미윤구 하보강마을 3218 225동 619호 (285-158),01087538743,9000.0,60.0
"전라북도 원의시 
 리금환시 5 744동 199호 788-672",01026691285,8000.0,70.0
"세종특별자치시 진윤마을 
 강비두마을 2987 767-174",01084966666,6000.0,70.0
광주광역시 웅가구 도별호거리 628 9-5 (248-162),01041423929,9000.0,40.0
대전광역시 박용수군 위웅소거리 523 234동 072호 (422-453),01035291593,1000.0,50.0
세종특별자치시 구억미마을 금홍비거리 2 667동 309호 (095-046),01019419891,7000.0,70.0
대전광역시 흥주한구 송예동 6966 144 (966-947),01083344958,6000.0,50.0
경기도 용대군 온재가로 528 (744-967),01016129189,6000.0,50.0
전라북도 혜억시 용화익로 140 (987-350),01028832971,5000.0,60.0
"전라남도 의송마을 
 우훈대거리 016 954-987",01083345924,7000.0,60.0
"제주특별자치도 선인산시 
 별우별군 3 359-627",01089773584,8000.0,50.0
울산광역시 보한구 후순동 5 (207-783),01051858958,1000.0,30.0
충청북도 유희마을 계산건로 9119 (044-493),01099781781,1000.0,30.0
"울산광역시 조해균구 
 균훈거리 233 202-419",01018788614,3000.0,30.0
충청남도 열익구 찬석거리 1 (954-873),01098946878,8000.0,50.0
대전광역시 비경시 후정거리 2 (770-158),01028643597,1000.0,50.0
전라남도 즙태욱시 힘온진로 007 (404-828),01021891888,8000.0,50.0
"경기도 누란효군 
 아진권군 8477 360동 126호 081-536",01077979544,3000.0,40.0
광주광역시 옹창석시 태남우시 8926 187 (231-152),01073486881,7000.0,40.0
"충청남도 제갈은휘구 
 편효송동 871 236 234-931",01074629311,9000.0,60.0
대구광역시 병동군 나다대동 5 (441-846),01032735447,5000.0,70.0
"경상북도 여은리시 
 호지동 2 052-8 972-068",01078527385,2000.0,30.0
충청북도 즙순지마을 석찬로 453 (115-577),01065687916,3000.0,60.0
"충청남도 호황군 
 아리주로 9 854-885",01083169768,7000.0,50.0
세종특별자치시 경우시 희종동 5567 (698-931),01092926239,4000.0,50.0
전라북도 필소후마을 가선석동 9924 05-4 (394-757),01091174174,3000.0,60.0
강원도 함혁철시 엽희보로 965 2-5 (895-079),01056449691,6000.0,60.0
부산광역시 어강석군 덕효안시 446 (401-724),01019266642,6000.0,30.0
"부산광역시 남강솔시 
 금강련시 084 737 268-865",01045875512,7000.0,40.0
"충청남도 만안한구 
 환련황마을 977 3-4 399-893",01082752367,8000.0,40.0
"서울특별시 상규군 
 유향련시 416 73-1 877-307",01012261735,8000.0,60.0
"부산광역시 광솔시 
 민해동 7 030-310",01046617477,6000.0,60.0
울산광역시 승윤구 용금별로 698 (259-190),01039499975,2000.0,40.0
"전라북도 방재힘구 
 자지인거리 4177 321-648",01094486596,7000.0,70.0
부산광역시 구권마을 우송원시 3 935-7 (970-359),01046438114,5000.0,60.0
경기도 양열별시 현관금시 8 (906-072),01099239413,1000.0,70.0
광주광역시 희금마을 민석해거리 6 365-0 (984-778),01077114983,1000.0,30.0
"대구광역시 엽도구마을 
 두의휘로 5 930 992-173",01013764566,7000.0,60.0
경상남도 제철련군 성도지로 2071 81-1 (574-298),01036588984,6000.0,70.0
제주특별자치도 조승익군 휘기경동 4503 3-0 (410-208),01031427474,2000.0,50.0
경기도 전해휘구 원희로 6482 (471-649),01069953835,6000.0,50.0
전라북도 아효군 리협의군 2386 1-3 (243-253),01059227966,6000.0,30.0
"경상남도 윤하안군 
 림위혁동 978 214-075",01038759636,4000.0,40.0
제주특별자치도 련규구 성철남시 4 (891-179),01032157565,8000.0,50.0
경상북도 초은비시 규다로 8448 (973-405),01026218975,5000.0,30.0
"대전광역시 지동구 
 상미지마을 066 9-9 546-977",01081698157,7000.0,50.0
인천광역시 연기열구 현가다로 778 832-2 (730-672),01021267618,6000.0,60.0
"충청북도 운권별구 
 도란안군 1600 051-424",01091824283,7000.0,30.0
"광주광역시 마람열군 
 영원혜구 2 9-3 031-255",01051839444,2000.0,70.0
강원도 형호시 채통미거리 4 (311-950),01069994818,5000.0,30.0
제주특별자치도 누황원마을 종웅경동 7 1-8 (136-710),01045865277,7000.0,50.0
부산광역시 무해마을 균광동 5233 (181-990),01012358811,4000.0,60.0
경상북도 찬예구 향경해마을 1338 (750-131),01012913932,9000.0,30.0
"충청북도 산석마을 
 남현동 4702 54-9 083-981",01031636715,4000.0,70.0
"전라북도 장곡화슬군 
 여용선거리 8008 168-8 637-053",01034463954,8000.0,60.0
"충청남도 위솔군 
 장곡열연거리 9604 651-474",01033133434,8000.0,70.0
세종특별자치시 위금대구 휘위황거리 3164 (096-796),01017188984,9000.0,40.0
서울특별시 성훈열구 신상양거리 2492 (036-278),01092471183,6000.0,40.0
대전광역시 람익마을 범무거리 709 (432-213),01068557276,4000.0,30.0
서울특별시 범세군 지훈도거리 887 1-8 (923-286),01069992274,2000.0,40.0
"전라북도 원완군 
 다준동 0268 541-338",01037449261,7000.0,70.0
"충청남도 통호군 
 슬아찬구 536 089-488",01098822913,2000.0,50.0
광주광역시 훈영마을 림명의구 611 (316-744),01041263598,4000.0,60.0
"제주특별자치도 효솔구 
 효하인구 9986 060-577",01087594647,2000.0,30.0
충청북도 편혜별구 염지소동 885 686 (861-957),01084888889,3000.0,50.0
"대전광역시 증솔하시 
 한성효거리 6 781-0 651-492",01089658136,6000.0,30.0
충청남도 준남무구 대안용동 7311 800동 262호 (419-323),01067655965,8000.0,50.0
"세종특별자치시 백람호구 
 군련은동 2262 002-411",01078961772,6000.0,70.0
"제주특별자치도 우병남시 
 최욱홍로 849 417-0 393-137",01029928886,4000.0,70.0
"경기도 안안구 
 선려거리 696 175-265",01063633898,1000.0,60.0
부산광역시 권선구 향웅로 9610 (852-714),01033394239,6000.0,50.0
경기도 협힘구 호우협마을 853 812 (606-739),01089751946,7000.0,40.0
대전광역시 미련윤구 구금경동 1905 (654-912),01088599461,5000.0,60.0
"전라남도 범구군 
 송찬찬군 6157 81-0 590-411",01053394575,1000.0,70.0
"전라북도 독고승수구 
 아의별군 0621 3-1 380-808",01066757597,4000.0,30.0
세종특별자치시 김균통마을 우욱호동 8046 486-2 (138-966),01053949632,4000.0,40.0
"강원도 윤향관구 
 명희람로 5 882-400",01017816347,5000.0,50.0
"강원도 해힘순구 
 보무석구 2537 7-1 865-251",01085982283,8000.0,30.0
대구광역시 공석민군 익찬태시 652 (308-805),01085265598,7000.0,70.0
전라북도 서안홍군 빙권진로 4900 (953-318),01095241374,9000.0,70.0
"전라남도 망절양소마을 
 민원관군 2 670-996",01079966871,7000.0,60.0
인천광역시 남빈마을 훈석로 084 552동 393호 (930-422),01064215883,3000.0,50.0
"울산광역시 민정혁시 
 소성통거리 948 947-3 716-441",01024155983,8000.0,50.0
"경상북도 온휘마을 
 금산엽로 962 7-9 234-109",01056866791,5000.0,40.0
"서울특별시  석하억군 
 배열현동 610 864-6 893-718",01036614612,5000.0,60.0
대구광역시 려구군 이상준거리 3 888 (916-499),01024442415,7000.0,40.0
강원도 해상마을 현권형군 6 (567-501),01066571216,8000.0,60.0
"인천광역시 슬후마을 
 환보로 1568 719-944",01015642786,6000.0,50.0
울산광역시 별소구 기해란군 7 (247-989),01013965961,9000.0,50.0
경상남도 향현시 혜관환군 667 (438-573),01057441356,9000.0,70.0
충청남도 애두의구 산슬완동 8 537 (953-253),01099875431,2000.0,40.0
인천광역시 운비대군 함성연동 4595 (507-784),01014647861,9000.0,30.0
광주광역시 우용욱마을 건기남거리 7595 7-9 (365-134),01033348251,7000.0,50.0
대구광역시 협대구 기림동 027 (326-474),01085996619,9000.0,30.0
"대구광역시 무찬시 
 한아훈로 9897 445-297",01096143445,6000.0,70.0
대전광역시 균협구 별효로 556 (027-659),01034734997,3000.0,60.0
"충청북도 익혁시 
 계강영동 266 018동 672호 346-065",01084762594,2000.0,50.0
경기도 류광금구 련태거리 0 (378-615),01086884997,9000.0,50.0
"전라북도 윤영명구 
 휘재민동 232 334-862",01052566362,4000.0,40.0
인천광역시 미홍구 맹솔보거리 420 (356-301),01038336556,7000.0,70.0
"부산광역시 만리구구 
 관산화로 1868 252 577-480",01025667874,5000.0,70.0
충청북도 도대시 통권힘거리 038 (253-519),01033771417,3000.0,70.0
"울산광역시 세송시 
 권균남마을 1 821-203",01067552552,9000.0,40.0
세종특별자치시 해다슬군 사공통창로 7 298 (301-599),01014618959,5000.0,50.0
"제주특별자치도 영욱마을 
 민광동 5 299동 535호 150-788",01088196374,9000.0,30.0
세종특별자치시 교경영군 대영찬거리 963 (277-591),01083461338,1000.0,30.0
전라북도 곽란희구 빈연억구 776 957 (301-498),01056242389,8000.0,50.0
"경상북도 구통군 
 윤성기시 5 510-674",01019539136,7000.0,40.0
"전라남도 손휘산구 
 솔범동 1 7-1 524-027",01057768173,8000.0,30.0
"강원도 선휘혜군 
 선선경구 227 163-158",01024995886,9000.0,30.0
충청북도 정두규시 후세경거리 156 103 (435-163),01056682552,9000.0,50.0
"제주특별자치도 봉욱의마을 
 웅안열군 262 186-357",01048926854,4000.0,70.0
"충청북도 공상소군 
 수웅거리 2 10-1 187-312",01043287871,6000.0,40.0
"인천광역시 재윤구 
 혜통동 755 578-062",01046127753,8000.0,70.0
인천광역시 요송원군 위철윤로 4 (255-998),01021747577,5000.0,50.0
대전광역시 균금시 위송황동 3268 11-5 (157-608),01086689941,8000.0,50.0
"경기도 윤아비마을 
 추솔현거리 560 083동 777호 267-193",01012251292,1000.0,60.0
경상북도 염향진군 석권영마을 573 269동 750호 (318-326),01035851186,2000.0,60.0
제주특별자치도 위우인군 판철송거리 8 2-9 (769-092),01082136736,6000.0,70.0
세종특별자치시 양세별마을 별철완로 5 (369-320),01061288613,7000.0,30.0
"경상북도 만웅혜구 
 관협균로 6717 280 192-603",01047878459,2000.0,40.0
경상남도 두준화군 가아동 0884 074 (438-295),01032981795,1000.0,50.0
경상북도 금남마을 권윤규시 1 35-1 (131-898),01076369836,7000.0,60.0
"세종특별자치시 용희완군 
 문솔슬로 0600 824-4 027-728",01021164361,1000.0,50.0
"세종특별자치시 광건구 
 훈슬동 6 256 747-092",01055781142,5000.0,70.0
"세종특별자치시 운빈명시 
 야범광로 9607 270-1 341-376",01038967829,3000.0,60.0
"제주특별자치도 수려동시 
 민선황로 5463 295동 337호 351-989",01042456361,9000.0,50.0
"전라남도 란홍구 
 협효억구 373 627-914",01061416441,7000.0,50.0
대구광역시 은수시 후온범마을 884 827 (047-269),01062595269,8000.0,30.0
충청북도 애태철시 산환동 6 486-3 (454-450),01021326963,8000.0,70.0
광주광역시 두덕군 종솔거리 8 (483-675),01016152369,6000.0,60.0
대전광역시 승주상구 웅웅기로 1 (213-529),01011894997,1000.0,70.0
"제주특별자치도 탁휘재군 
 구용주로 436 416 326-005",01086213485,3000.0,40.0
"전라북도 이위형구 
 찬휘기마을 8418 164-590",01093112444,8000.0,30.0
"전라남도 엽경군 
 별철철동 059 027 900-925",01077669956,1000.0,70.0
"제주특별자치도 황광군 
 민후거리 4485 124-465",01015278171,4000.0,60.0
"대구광역시 애훈욱군 
 부주대거리 0 912-294",01028697137,3000.0,30.0
울산광역시 인주군 빙다후거리 0302 (757-100),01086474478,1000.0,70.0
서울특별시 지원군 림해남마을 8 82-4 (944-483),01028939255,4000.0,50.0
전라북도 소억군 찬송다군 6701 183 (977-378),01024517683,6000.0,50.0
"전라북도 옥안온마을 
 강완로 7 188-1 549-532",01026269261,5000.0,60.0
"경상남도 련련군 
 범위로 7878 418 438-306",01098645766,5000.0,70.0
전라남도 통정마을 온희대마을 3 2-5 (270-366),01016385315,3000.0,70.0
경상북도 초해홍군 인훈현거리 5 329동 775호 (093-631),01099735859,1000.0,40.0
충청남도 영호호시 남태현마을 864 463-3 (394-960),01011924568,6000.0,60.0
"인천광역시 수민금군 
 보병상거리 9 894-8 771-071",01018736377,1000.0,50.0
"전라남도 선태종시 
 권호원거리 250 630-067",01015696733,1000.0,70.0
제주특별자치도 정화시 진힘로 884 (578-847),01042132419,9000.0,30.0
경기도 편려가시 남혁종동 7 (595-651),01095715958,2000.0,30.0
"서울특별시 환성찬군 
 온협승마을 032 662-571",01035967649,6000.0,60.0
"대전광역시 슬웅군 
 지선힘동 044 433-0 209-214",01014151246,3000.0,40.0
